{
  "observed_score": 4.074074074074074,
  "null_mean": 3.005037037037037,
  "null_std": 0.2567003451796735,
  "effect_size_cohens_d": 4.164532915952182,
  "percentile_rank": 100.0,
  "p_value_one_tailed": 0.000999000999000999,
  "p_value_two_tailed": 0.001998001998001998,
  "significant_at_05": true,
  "significant_at_01": true
}